index,icao24,runway,model,seconds_to_threshold
0,3423c3,32R,random_forest,186.93083219557883
0,3423c3,32R,xgboost,188.7310791015625
0,3423c3,32R,lightgbm,185.61919138221984
1,347247,18R,random_forest,307.0697186336531
1,347247,18R,xgboost,311.16143798828125
1,347247,18R,lightgbm,302.335997988743
