index,icao24,runway,model,seconds_to_threshold
0,3423c3,32R,random_forest,196.9460382174985
0,3423c3,32R,xgboost,196.93844604492188
0,3423c3,32R,lightgbm,196.93844896734018
1,347247,18R,random_forest,317.22912356994397
1,347247,18R,xgboost,316.8744201660156
1,347247,18R,lightgbm,316.8744301932199
